{
"lengthUnit": "mil",
"components": {
	"fields": ["COMPONENT_NO", "COMPONENT_NAME", "LAYER", "X_COORDINATE", "Y_COORDINATE", "ANGLE"],
	"rows": [
		[1, "C1", "B", 1465, -1120, 0],
		[2, "C2", "B", 1215, -1098.64, 180],
		[3, "C3", "B", 2595, -1120, 0],
		[4, "C4", "B", 2340, -1100, 180],
		[5, "C5", "B", 3770, -1125, 0],
		[6, "C6", "B", 3515, -1100, 180],
		[7, "C7", "B", 4930, -1120, 0],
		[8, "C8", "B", 4670, -1100, 180],
		[9, "C9", "B", 2860, -765, 0],
		[10, "R1", "B", 805, -230, 0],
		[11, "R2", "B", 805, -387.48, 0],
		[12, "R3", "B", 805, -544.96, 0],
		[13, "R4", "B", 805, -702.44, 0],
		[14, "R5", "B", 805, -859.92, 0],
		[15, "R6", "B", 805, -1017.4, 0],
		[16, "R7", "B", 805, -1174.88, 0],
		[17, "R8", "B", 805, -1332.36, 0],
		[18, "R9", "B", 1940, -230, 180],
		[19, "R10", "B", 1940, -385, 0],
		[20, "R11", "B", 1940, -540, 0],
		[21, "R12", "B", 1940, -700, 0],
		[22, "R13", "B", 1940, -860, 0],
		[23, "R14", "B", 1940, -1015, 0],
		[24, "R15", "B", 1935, -1170, 0],
		[25, "R16", "B", 1940, -1330, 0],
		[26, "R17", "B", 3120, -230, 0],
		[27, "R18", "B", 3120, -385, 0],
		[28, "R19", "B", 3120, -540, 0],
		[29, "R20", "B", 3120, -700, 0],
		[30, "R21", "B", 3120, -860, 0],
		[31, "R22", "B", 3120, -1015, 0],
		[32, "R23", "B", 3120, -1170, 0],
		[33, "R24", "B", 3120, -1330, 0],
		[34, "R25", "B", 4255, -230, 0],
		[35, "R26", "B", 4255, -385, 0],
		[36, "R27", "B", 4255, -540, 0],
		[37, "R28", "B", 4255, -700, 0],
		[38, "R29", "B", 4255, -860, 0],
		[39, "R30", "B", 4255, -1015, 0],
		[40, "R31", "B", 4255, -1170, 0],
		[41, "R32", "B", 4255, -1330, 0],
		[42, "R33", "B", 1320, -415, 0],
		[43, "R34", "B", 2450, -415, 0],
		[44, "R35", "B", 3635, -415, 180],
		[45, "R36", "B", 4770, -415, 0],
		[46, "U1", "B", 1310, -745, 90],
		[47, "U2", "B", 2440, -745, 90],
		[48, "U3", "B", 3625, -745, 90],
		[49, "U4", "B", 4760, -745, 90],
		[50, "U5", "T", 2805, -1685, 180],
		[51, "U6", "T", 4550, -815, 0],
		[52, "U7", "T", 3385, -815, 0],
		[53, "U8", "T", 2220.32, -815, 0],
		[54, "U9", "T", 1065, -815, 0]
	]
},
"pins": {
	"fields": ["PIN_NO", "PIN_NAME", "PIN_X", "PIN_Y", "LAYER", "PIN_TYPE", "NET_NAME", "NET_TYPE", "PAD_SHAPE", "PAD_SIZEX", "PAD_SIZEY", "HOLE_SIZE", "PAD_ANGLE"],
	"rows": [
		[1, "C1_1", 1425.63, -1120, "B", "SMD", "VCC", "", "R", 44.59, 54.21, 0, 0],
		[2, "C1_2", 1504.37, -1120, "B", "SMD", "GND", "GND", "R", 44.59, 54.21, 0, 0],
		[3, "C2_1", 1254.37, -1098.64, "B", "SMD", "VCC", "", "R", 44.59, 54.21, 0, 180],
		[4, "C2_2", 1175.63, -1098.64, "B", "SMD", "GND", "GND", "R", 44.59, 54.21, 0, 180],
		[5, "C3_1", 2555.63, -1120, "B", "SMD", "VCC", "", "R", 44.59, 54.21, 0, 0],
		[6, "C3_2", 2634.37, -1120, "B", "SMD", "GND", "GND", "R", 44.59, 54.21, 0, 0],
		[7, "C4_1", 2379.37, -1100, "B", "SMD", "VCC", "", "R", 44.59, 54.21, 0, 180],
		[8, "C4_2", 2300.63, -1100, "B", "SMD", "GND", "GND", "R", 44.59, 54.21, 0, 180],
		[9, "C5_1", 3730.63, -1125, "B", "SMD", "VCC", "", "R", 44.59, 54.21, 0, 0],
		[10, "C5_2", 3809.37, -1125, "B", "SMD", "GND", "GND", "R", 44.59, 54.21, 0, 0],
		[11, "C6_1", 3554.37, -1100, "B", "SMD", "VCC", "", "R", 44.59, 54.21, 0, 180],
		[12, "C6_2", 3475.63, -1100, "B", "SMD", "GND", "GND", "R", 44.59, 54.21, 0, 180],
		[13, "C7_1", 4890.63, -1120, "B", "SMD", "VCC", "", "R", 44.59, 54.21, 0, 0],
		[14, "C7_2", 4969.37, -1120, "B", "SMD", "GND", "GND", "R", 44.59, 54.21, 0, 0],
		[15, "C8_1", 4709.37, -1100, "B", "SMD", "VCC", "", "R", 44.59, 54.21, 0, 180],
		[16, "C8_2", 4630.63, -1100, "B", "SMD", "GND", "GND", "R", 44.59, 54.21, 0, 180],
		[17, "C9_1", 2820.63, -765, "B", "SMD", "VCC", "", "R", 44.59, 54.21, 0, 0],
		[18, "C9_2", 2899.37, -765, "B", "SMD", "GND", "GND", "R", 44.59, 54.21, 0, 0],
		[19, "R1_1", 765.63, -230, "B", "SMD", "$1N41044", "", "R", 44.59, 54.21, 0, 0],
		[20, "R1_2", 844.37, -230, "B", "SMD", "$1N6506", "", "R", 44.59, 54.21, 0, 0],
		[21, "R2_1", 765.63, -387.48, "B", "SMD", "$1N41012", "", "R", 44.59, 54.21, 0, 0],
		[22, "R2_2", 844.37, -387.48, "B", "SMD", "$1N6486", "", "R", 44.59, 54.21, 0, 0],
		[23, "R3_1", 765.63, -544.96, "B", "SMD", "$1N40781", "", "R", 44.59, 54.21, 0, 0],
		[24, "R3_2", 844.37, -544.96, "B", "SMD", "$1N6089", "", "R", 44.59, 54.21, 0, 0],
		[25, "R4_1", 765.63, -702.44, "B", "SMD", "$1N41338", "", "R", 44.59, 54.21, 0, 0],
		[26, "R4_2", 844.37, -702.44, "B", "SMD", "$1N6264", "", "R", 44.59, 54.21, 0, 0],
		[27, "R5_1", 765.63, -859.92, "B", "SMD", "$1N41428", "", "R", 44.59, 54.21, 0, 0],
		[28, "R5_2", 844.37, -859.92, "B", "SMD", "$1N6177", "", "R", 44.59, 54.21, 0, 0],
		[29, "R6_1", 765.63, -1017.4, "B", "SMD", "$1N41427", "", "R", 44.59, 54.21, 0, 0],
		[30, "R6_2", 844.37, -1017.4, "B", "SMD", "$1N6122", "", "R", 44.59, 54.21, 0, 0],
		[31, "R7_1", 765.63, -1174.88, "B", "SMD", "$1N40652", "", "R", 44.59, 54.21, 0, 0],
		[32, "R7_2", 844.37, -1174.88, "B", "SMD", "$1N6011", "", "R", 44.59, 54.21, 0, 0],
		[33, "R8_1", 765.63, -1332.36, "B", "SMD", "$1N40619", "", "R", 44.59, 54.21, 0, 0],
		[34, "R8_2", 844.37, -1332.36, "B", "SMD", "$1N2299", "", "R", 44.59, 54.21, 0, 0],
		[35, "R9_1", 1979.37, -230, "B", "SMD", "$1N45605", "", "R", 44.59, 54.21, 0, 180],
		[36, "R9_2", 1900.63, -230, "B", "SMD", "$1N45593", "", "R", 44.59, 54.21, 0, 180],
		[37, "R10_1", 1900.63, -385, "B", "SMD", "$1N45604", "", "R", 44.59, 54.21, 0, 0],
		[38, "R10_2", 1979.37, -385, "B", "SMD", "$1N45597", "", "R", 44.59, 54.21, 0, 0],
		[39, "R11_1", 1900.63, -540, "B", "SMD", "$1N45603", "", "R", 44.59, 54.21, 0, 0],
		[40, "R11_2", 1979.37, -540, "B", "SMD", "$1N45599", "", "R", 44.59, 54.21, 0, 0],
		[41, "R12_1", 1900.63, -700, "B", "SMD", "$1N45609", "", "R", 44.59, 54.21, 0, 0],
		[42, "R12_2", 1979.37, -700, "B", "SMD", "$1N45594", "", "R", 44.59, 54.21, 0, 0],
		[43, "R13_1", 1900.63, -860, "B", "SMD", "$1N45607", "", "R", 44.59, 54.21, 0, 0],
		[44, "R13_2", 1979.37, -860, "B", "SMD", "$1N45598", "", "R", 44.59, 54.21, 0, 0],
		[45, "R14_1", 1900.63, -1015, "B", "SMD", "$1N45606", "", "R", 44.59, 54.21, 0, 0],
		[46, "R14_2", 1979.37, -1015, "B", "SMD", "$1N45595", "", "R", 44.59, 54.21, 0, 0],
		[47, "R15_1", 1895.63, -1170, "B", "SMD", "$1N45602", "", "R", 44.59, 54.21, 0, 0],
		[48, "R15_2", 1974.37, -1170, "B", "SMD", "$1N45596", "", "R", 44.59, 54.21, 0, 0],
		[49, "R16_1", 1900.63, -1330, "B", "SMD", "$1N45601", "", "R", 44.59, 54.21, 0, 0],
		[50, "R16_2", 1979.37, -1330, "B", "SMD", "$1N45600", "", "R", 44.59, 54.21, 0, 0],
		[51, "R17_1", 3080.63, -230, "B", "SMD", "$1N46586", "", "R", 44.59, 54.21, 0, 0],
		[52, "R17_2", 3159.37, -230, "B", "SMD", "$1N46574", "", "R", 44.59, 54.21, 0, 0],
		[53, "R18_1", 3080.63, -385, "B", "SMD", "$1N46585", "", "R", 44.59, 54.21, 0, 0],
		[54, "R18_2", 3159.37, -385, "B", "SMD", "$1N46578", "", "R", 44.59, 54.21, 0, 0],
		[55, "R19_1", 3080.63, -540, "B", "SMD", "$1N46584", "", "R", 44.59, 54.21, 0, 0],
		[56, "R19_2", 3159.37, -540, "B", "SMD", "$1N46580", "", "R", 44.59, 54.21, 0, 0],
		[57, "R20_1", 3080.63, -700, "B", "SMD", "$1N46590", "", "R", 44.59, 54.21, 0, 0],
		[58, "R20_2", 3159.37, -700, "B", "SMD", "$1N46575", "", "R", 44.59, 54.21, 0, 0],
		[59, "R21_1", 3080.63, -860, "B", "SMD", "$1N46588", "", "R", 44.59, 54.21, 0, 0],
		[60, "R21_2", 3159.37, -860, "B", "SMD", "$1N46579", "", "R", 44.59, 54.21, 0, 0],
		[61, "R22_1", 3080.63, -1015, "B", "SMD", "$1N46587", "", "R", 44.59, 54.21, 0, 0],
		[62, "R22_2", 3159.37, -1015, "B", "SMD", "$1N46576", "", "R", 44.59, 54.21, 0, 0],
		[63, "R23_1", 3080.63, -1170, "B", "SMD", "$1N46583", "", "R", 44.59, 54.21, 0, 0],
		[64, "R23_2", 3159.37, -1170, "B", "SMD", "$1N46577", "", "R", 44.59, 54.21, 0, 0],
		[65, "R24_1", 3080.63, -1330, "B", "SMD", "$1N46582", "", "R", 44.59, 54.21, 0, 0],
		[66, "R24_2", 3159.37, -1330, "B", "SMD", "$1N46581", "", "R", 44.59, 54.21, 0, 0],
		[67, "R25_1", 4215.63, -230, "B", "SMD", "$1N47571", "", "R", 44.59, 54.21, 0, 0],
		[68, "R25_2", 4294.37, -230, "B", "SMD", "$1N47559", "", "R", 44.59, 54.21, 0, 0],
		[69, "R26_1", 4215.63, -385, "B", "SMD", "$1N47570", "", "R", 44.59, 54.21, 0, 0],
		[70, "R26_2", 4294.37, -385, "B", "SMD", "$1N47563", "", "R", 44.59, 54.21, 0, 0],
		[71, "R27_1", 4215.63, -540, "B", "SMD", "$1N47569", "", "R", 44.59, 54.21, 0, 0],
		[72, "R27_2", 4294.37, -540, "B", "SMD", "$1N47565", "", "R", 44.59, 54.21, 0, 0],
		[73, "R28_1", 4215.63, -700, "B", "SMD", "$1N47575", "", "R", 44.59, 54.21, 0, 0],
		[74, "R28_2", 4294.37, -700, "B", "SMD", "$1N47560", "", "R", 44.59, 54.21, 0, 0],
		[75, "R29_1", 4215.63, -860, "B", "SMD", "$1N47573", "", "R", 44.59, 54.21, 0, 0],
		[76, "R29_2", 4294.37, -860, "B", "SMD", "$1N47564", "", "R", 44.59, 54.21, 0, 0],
		[77, "R30_1", 4215.63, -1015, "B", "SMD", "$1N47572", "", "R", 44.59, 54.21, 0, 0],
		[78, "R30_2", 4294.37, -1015, "B", "SMD", "$1N47561", "", "R", 44.59, 54.21, 0, 0],
		[79, "R31_1", 4215.63, -1170, "B", "SMD", "$1N47568", "", "R", 44.59, 54.21, 0, 0],
		[80, "R31_2", 4294.37, -1170, "B", "SMD", "$1N47562", "", "R", 44.59, 54.21, 0, 0],
		[81, "R32_1", 4215.63, -1330, "B", "SMD", "$1N47567", "", "R", 44.59, 54.21, 0, 0],
		[82, "R32_2", 4294.37, -1330, "B", "SMD", "$1N47566", "", "R", 44.59, 54.21, 0, 0],
		[83, "R33_1", 1280.63, -415, "B", "SMD", "$1N2301", "", "R", 44.59, 54.21, 0, 0],
		[84, "R33_2", 1359.37, -415, "B", "SMD", "VCC", "", "R", 44.59, 54.21, 0, 0],
		[85, "R34_1", 2410.63, -415, "B", "SMD", "$1N52982", "", "R", 44.59, 54.21, 0, 0],
		[86, "R34_2", 2489.37, -415, "B", "SMD", "VCC", "", "R", 44.59, 54.21, 0, 0],
		[87, "R35_1", 3674.37, -415, "B", "SMD", "$1N57025", "", "R", 44.59, 54.21, 0, 180],
		[88, "R35_2", 3595.63, -415, "B", "SMD", "VCC", "", "R", 44.59, 54.21, 0, 180],
		[89, "R36_1", 4730.63, -415, "B", "SMD", "$1N53020", "", "R", 44.59, 54.21, 0, 0],
		[90, "R36_2", 4809.37, -415, "B", "SMD", "VCC", "", "R", 44.59, 54.21, 0, 0],
		[91, "U1_1", 1202.3, -920, "B", "SMD", "$1N6011", "", "O", 23.7, 77.6, 0, 90],
		[92, "U1_2", 1202.3, -870, "B", "SMD", "$1N6122", "", "O", 23.7, 77.6, 0, 90],
		[93, "U1_3", 1202.3, -820, "B", "SMD", "$1N6177", "", "O", 23.7, 77.6, 0, 90],
		[94, "U1_4", 1202.3, -770, "B", "SMD", "$1N6264", "", "O", 23.7, 77.6, 0, 90],
		[95, "U1_5", 1202.3, -720, "B", "SMD", "$1N6089", "", "O", 23.7, 77.6, 0, 90],
		[96, "U1_6", 1202.3, -670, "B", "SMD", "$1N6486", "", "O", 23.7, 77.6, 0, 90],
		[97, "U1_7", 1202.3, -620, "B", "SMD", "$1N6506", "", "O", 23.7, 77.6, 0, 90],
		[98, "U1_8", 1202.3, -570, "B", "SMD", "GND", "GND", "O", 23.7, 77.6, 0, 90],
		[99, "U1_9", 1417.7, -570, "B", "SMD", "$1N2297", "", "O", 23.7, 77.6, 0, 90],
		[100, "U1_10", 1417.7, -620, "B", "SMD", "$1N2301", "", "O", 23.7, 77.6, 0, 90],
		[101, "U1_11", 1417.7, -670, "B", "SMD", "$1N2305", "", "O", 23.7, 77.6, 0, 90],
		[102, "U1_12", 1417.7, -720, "B", "SMD", "$1N2303", "", "O", 23.7, 77.6, 0, 90],
		[103, "U1_13", 1417.7, -770, "B", "SMD", "$1N2302", "", "O", 23.7, 77.6, 0, 90],
		[104, "U1_14", 1417.7, -820, "B", "SMD", "$1N2304", "", "O", 23.7, 77.6, 0, 90],
		[105, "U1_15", 1417.7, -870, "B", "SMD", "$1N2299", "", "O", 23.7, 77.6, 0, 90],
		[106, "U1_16", 1417.7, -920, "B", "SMD", "VCC", "", "O", 23.7, 77.6, 0, 90],
		[107, "U2_1", 2332.3, -920, "B", "SMD", "$1N45596", "", "O", 23.7, 77.6, 0, 90],
		[108, "U2_2", 2332.3, -870, "B", "SMD", "$1N45595", "", "O", 23.7, 77.6, 0, 90],
		[109, "U2_3", 2332.3, -820, "B", "SMD", "$1N45598", "", "O", 23.7, 77.6, 0, 90],
		[110, "U2_4", 2332.3, -770, "B", "SMD", "$1N45594", "", "O", 23.7, 77.6, 0, 90],
		[111, "U2_5", 2332.3, -720, "B", "SMD", "$1N45599", "", "O", 23.7, 77.6, 0, 90],
		[112, "U2_6", 2332.3, -670, "B", "SMD", "$1N45597", "", "O", 23.7, 77.6, 0, 90],
		[113, "U2_7", 2332.3, -620, "B", "SMD", "$1N45593", "", "O", 23.7, 77.6, 0, 90],
		[114, "U2_8", 2332.3, -570, "B", "SMD", "GND", "GND", "O", 23.7, 77.6, 0, 90],
		[115, "U2_9", 2547.7, -570, "B", "SMD", "$1N47985", "", "O", 23.7, 77.6, 0, 90],
		[116, "U2_10", 2547.7, -620, "B", "SMD", "$1N52982", "", "O", 23.7, 77.6, 0, 90],
		[117, "U2_11", 2547.7, -670, "B", "SMD", "$1N2305", "", "O", 23.7, 77.6, 0, 90],
		[118, "U2_12", 2547.7, -720, "B", "SMD", "$1N2303", "", "O", 23.7, 77.6, 0, 90],
		[119, "U2_13", 2547.7, -770, "B", "SMD", "$1N2302", "", "O", 23.7, 77.6, 0, 90],
		[120, "U2_14", 2547.7, -820, "B", "SMD", "$1N2297", "", "O", 23.7, 77.6, 0, 90],
		[121, "U2_15", 2547.7, -870, "B", "SMD", "$1N45600", "", "O", 23.7, 77.6, 0, 90],
		[122, "U2_16", 2547.7, -920, "B", "SMD", "VCC", "", "O", 23.7, 77.6, 0, 90],
		[123, "U3_1", 3517.3, -920, "B", "SMD", "$1N46577", "", "O", 23.7, 77.6, 0, 90],
		[124, "U3_2", 3517.3, -870, "B", "SMD", "$1N46576", "", "O", 23.7, 77.6, 0, 90],
		[125, "U3_3", 3517.3, -820, "B", "SMD", "$1N46579", "", "O", 23.7, 77.6, 0, 90],
		[126, "U3_4", 3517.3, -770, "B", "SMD", "$1N46575", "", "O", 23.7, 77.6, 0, 90],
		[127, "U3_5", 3517.3, -720, "B", "SMD", "$1N46580", "", "O", 23.7, 77.6, 0, 90],
		[128, "U3_6", 3517.3, -670, "B", "SMD", "$1N46578", "", "O", 23.7, 77.6, 0, 90],
		[129, "U3_7", 3517.3, -620, "B", "SMD", "$1N46574", "", "O", 23.7, 77.6, 0, 90],
		[130, "U3_8", 3517.3, -570, "B", "SMD", "GND", "GND", "O", 23.7, 77.6, 0, 90],
		[131, "U3_9", 3732.7, -570, "B", "SMD", "$1N48013", "", "O", 23.7, 77.6, 0, 90],
		[132, "U3_10", 3732.7, -620, "B", "SMD", "$1N57025", "", "O", 23.7, 77.6, 0, 90],
		[133, "U3_11", 3732.7, -670, "B", "SMD", "$1N2305", "", "O", 23.7, 77.6, 0, 90],
		[134, "U3_12", 3732.7, -720, "B", "SMD", "$1N2303", "", "O", 23.7, 77.6, 0, 90],
		[135, "U3_13", 3732.7, -770, "B", "SMD", "$1N2302", "", "O", 23.7, 77.6, 0, 90],
		[136, "U3_14", 3732.7, -820, "B", "SMD", "$1N47985", "", "O", 23.7, 77.6, 0, 90],
		[137, "U3_15", 3732.7, -870, "B", "SMD", "$1N46581", "", "O", 23.7, 77.6, 0, 90],
		[138, "U3_16", 3732.7, -920, "B", "SMD", "VCC", "", "O", 23.7, 77.6, 0, 90],
		[139, "U4_1", 4652.3, -920, "B", "SMD", "$1N47562", "", "O", 23.7, 77.6, 0, 90],
		[140, "U4_2", 4652.3, -870, "B", "SMD", "$1N47561", "", "O", 23.7, 77.6, 0, 90],
		[141, "U4_3", 4652.3, -820, "B", "SMD", "$1N47564", "", "O", 23.7, 77.6, 0, 90],
		[142, "U4_4", 4652.3, -770, "B", "SMD", "$1N47560", "", "O", 23.7, 77.6, 0, 90],
		[143, "U4_5", 4652.3, -720, "B", "SMD", "$1N47565", "", "O", 23.7, 77.6, 0, 90],
		[144, "U4_6", 4652.3, -670, "B", "SMD", "$1N47563", "", "O", 23.7, 77.6, 0, 90],
		[145, "U4_7", 4652.3, -620, "B", "SMD", "$1N47559", "", "O", 23.7, 77.6, 0, 90],
		[146, "U4_8", 4652.3, -570, "B", "SMD", "GND", "GND", "O", 23.7, 77.6, 0, 90],
		[147, "U4_9", 4867.7, -570, "B", "SMD", "U4_9", "", "O", 23.7, 77.6, 0, 90],
		[148, "U4_10", 4867.7, -620, "B", "SMD", "$1N53020", "", "O", 23.7, 77.6, 0, 90],
		[149, "U4_11", 4867.7, -670, "B", "SMD", "$1N2305", "", "O", 23.7, 77.6, 0, 90],
		[150, "U4_12", 4867.7, -720, "B", "SMD", "$1N2303", "", "O", 23.7, 77.6, 0, 90],
		[151, "U4_13", 4867.7, -770, "B", "SMD", "$1N2302", "", "O", 23.7, 77.6, 0, 90],
		[152, "U4_14", 4867.7, -820, "B", "SMD", "$1N48013", "", "O", 23.7, 77.6, 0, 90],
		[153, "U4_15", 4867.7, -870, "B", "SMD", "$1N47566", "", "O", 23.7, 77.6, 0, 90],
		[154, "U4_16", 4867.7, -920, "B", "SMD", "VCC", "", "O", 23.7, 77.6, 0, 90],
		[155, "U5_1", 3055, -1685, "T", "DIP", "VCC", "", "R", 62.99, 62.99, 41.34, 180],
		[156, "U5_1", 3055, -1685, "B", "DIP", "VCC", "", "R", 62.99, 62.99, 41.34, 180],
		[157, "U5_2", 2955, -1685, "T", "DIP", "GND", "GND", "C", 62.99, 62.99, 41.34, 180],
		[158, "U5_2", 2955, -1685, "B", "DIP", "GND", "GND", "C", 62.99, 62.99, 41.34, 180],
		[159, "U5_3", 2855, -1685, "T", "DIP", "$1N2304", "", "C", 62.99, 62.99, 41.34, 180],
		[160, "U5_3", 2855, -1685, "B", "DIP", "$1N2304", "", "C", 62.99, 62.99, 41.34, 180],
		[161, "U5_4", 2755, -1685, "T", "DIP", "$1N2302", "", "C", 62.99, 62.99, 41.34, 180],
		[162, "U5_4", 2755, -1685, "B", "DIP", "$1N2302", "", "C", 62.99, 62.99, 41.34, 180],
		[163, "U5_5", 2655, -1685, "T", "DIP", "$1N2303", "", "C", 62.99, 62.99, 41.34, 180],
		[164, "U5_5", 2655, -1685, "B", "DIP", "$1N2303", "", "C", 62.99, 62.99, 41.34, 180],
		[165, "U5_6", 2555, -1685, "T", "DIP", "$1N2305", "", "C", 62.99, 62.99, 41.34, 180],
		[166, "U5_6", 2555, -1685, "B", "DIP", "$1N2305", "", "C", 62.99, 62.99, 41.34, 180],
		[167, "U6_1", 4390, -140, "T", "DIP", "VCC", "", "C", 60, 60, 36, 0],
		[168, "U6_1", 4390, -140, "B", "DIP", "VCC", "", "C", 60, 60, 36, 0],
		[169, "U6_2", 4470, -140, "T", "DIP", "$1N47575", "", "C", 60, 60, 36, 0],
		[170, "U6_2", 4470, -140, "B", "DIP", "$1N47575", "", "C", 60, 60, 36, 0],
		[171, "U6_3", 4550, -140, "T", "DIP", "$1N47573", "", "C", 60, 60, 36, 0],
		[172, "U6_3", 4550, -140, "B", "DIP", "$1N47573", "", "C", 60, 60, 36, 0],
		[173, "U6_4", 4625, -140, "T", "DIP", "$1N47572", "", "C", 60, 60, 36, 0],
		[174, "U6_4", 4625, -140, "B", "DIP", "$1N47572", "", "C", 60, 60, 36, 0],
		[175, "U6_5", 4705, -140, "T", "DIP", "VCC", "", "C", 60, 60, 36, 0],
		[176, "U6_5", 4705, -140, "B", "DIP", "VCC", "", "C", 60, 60, 36, 0],
		[177, "U6_6", 4705, -1490, "T", "DIP", "$1N47568", "", "C", 60, 60, 36, 0],
		[178, "U6_6", 4705, -1490, "B", "DIP", "$1N47568", "", "C", 60, 60, 36, 0],
		[179, "U6_7", 4625, -1490, "T", "DIP", "$1N47567", "", "C", 60, 60, 36, 0],
		[180, "U6_7", 4625, -1490, "B", "DIP", "$1N47567", "", "C", 60, 60, 36, 0],
		[181, "U6_8", 4550, -1490, "T", "DIP", "$1N47571", "", "C", 60, 60, 36, 0],
		[182, "U6_8", 4550, -1490, "B", "DIP", "$1N47571", "", "C", 60, 60, 36, 0],
		[183, "U6_9", 4470, -1490, "T", "DIP", "$1N47569", "", "C", 60, 60, 36, 0],
		[184, "U6_9", 4470, -1490, "B", "DIP", "$1N47569", "", "C", 60, 60, 36, 0],
		[185, "U6_10", 4390, -1490, "T", "DIP", "$1N47570", "", "C", 60, 60, 36, 0],
		[186, "U6_10", 4390, -1490, "B", "DIP", "$1N47570", "", "C", 60, 60, 36, 0],
		[187, "U7_1", 3225, -140, "T", "DIP", "VCC", "", "C", 60, 60, 36, 0],
		[188, "U7_1", 3225, -140, "B", "DIP", "VCC", "", "C", 60, 60, 36, 0],
		[189, "U7_2", 3305, -140, "T", "DIP", "$1N46590", "", "C", 60, 60, 36, 0],
		[190, "U7_2", 3305, -140, "B", "DIP", "$1N46590", "", "C", 60, 60, 36, 0],
		[191, "U7_3", 3385, -140, "T", "DIP", "$1N46588", "", "C", 60, 60, 36, 0],
		[192, "U7_3", 3385, -140, "B", "DIP", "$1N46588", "", "C", 60, 60, 36, 0],
		[193, "U7_4", 3460, -140, "T", "DIP", "$1N46587", "", "C", 60, 60, 36, 0],
		[194, "U7_4", 3460, -140, "B", "DIP", "$1N46587", "", "C", 60, 60, 36, 0],
		[195, "U7_5", 3540, -140, "T", "DIP", "VCC", "", "C", 60, 60, 36, 0],
		[196, "U7_5", 3540, -140, "B", "DIP", "VCC", "", "C", 60, 60, 36, 0],
		[197, "U7_6", 3540, -1490, "T", "DIP", "$1N46583", "", "C", 60, 60, 36, 0],
		[198, "U7_6", 3540, -1490, "B", "DIP", "$1N46583", "", "C", 60, 60, 36, 0],
		[199, "U7_7", 3460, -1490, "T", "DIP", "$1N46582", "", "C", 60, 60, 36, 0],
		[200, "U7_7", 3460, -1490, "B", "DIP", "$1N46582", "", "C", 60, 60, 36, 0],
		[201, "U7_8", 3385, -1490, "T", "DIP", "$1N46586", "", "C", 60, 60, 36, 0],
		[202, "U7_8", 3385, -1490, "B", "DIP", "$1N46586", "", "C", 60, 60, 36, 0],
		[203, "U7_9", 3305, -1490, "T", "DIP", "$1N46584", "", "C", 60, 60, 36, 0],
		[204, "U7_9", 3305, -1490, "B", "DIP", "$1N46584", "", "C", 60, 60, 36, 0],
		[205, "U7_10", 3225, -1490, "T", "DIP", "$1N46585", "", "C", 60, 60, 36, 0],
		[206, "U7_10", 3225, -1490, "B", "DIP", "$1N46585", "", "C", 60, 60, 36, 0],
		[207, "U8_1", 2060.32, -140, "T", "DIP", "VCC", "", "C", 60, 60, 36, 0],
		[208, "U8_1", 2060.32, -140, "B", "DIP", "VCC", "", "C", 60, 60, 36, 0],
		[209, "U8_2", 2140.32, -140, "T", "DIP", "$1N45609", "", "C", 60, 60, 36, 0],
		[210, "U8_2", 2140.32, -140, "B", "DIP", "$1N45609", "", "C", 60, 60, 36, 0],
		[211, "U8_3", 2220.32, -140, "T", "DIP", "$1N45607", "", "C", 60, 60, 36, 0],
		[212, "U8_3", 2220.32, -140, "B", "DIP", "$1N45607", "", "C", 60, 60, 36, 0],
		[213, "U8_4", 2295.32, -140, "T", "DIP", "$1N45606", "", "C", 60, 60, 36, 0],
		[214, "U8_4", 2295.32, -140, "B", "DIP", "$1N45606", "", "C", 60, 60, 36, 0],
		[215, "U8_5", 2375.32, -140, "T", "DIP", "VCC", "", "C", 60, 60, 36, 0],
		[216, "U8_5", 2375.32, -140, "B", "DIP", "VCC", "", "C", 60, 60, 36, 0],
		[217, "U8_6", 2375.32, -1490, "T", "DIP", "$1N45602", "", "C", 60, 60, 36, 0],
		[218, "U8_6", 2375.32, -1490, "B", "DIP", "$1N45602", "", "C", 60, 60, 36, 0],
		[219, "U8_7", 2295.32, -1490, "T", "DIP", "$1N45601", "", "C", 60, 60, 36, 0],
		[220, "U8_7", 2295.32, -1490, "B", "DIP", "$1N45601", "", "C", 60, 60, 36, 0],
		[221, "U8_8", 2220.32, -1490, "T", "DIP", "$1N45605", "", "C", 60, 60, 36, 0],
		[222, "U8_8", 2220.32, -1490, "B", "DIP", "$1N45605", "", "C", 60, 60, 36, 0],
		[223, "U8_9", 2140.32, -1490, "T", "DIP", "$1N45603", "", "C", 60, 60, 36, 0],
		[224, "U8_9", 2140.32, -1490, "B", "DIP", "$1N45603", "", "C", 60, 60, 36, 0],
		[225, "U8_10", 2060.32, -1490, "T", "DIP", "$1N45604", "", "C", 60, 60, 36, 0],
		[226, "U8_10", 2060.32, -1490, "B", "DIP", "$1N45604", "", "C", 60, 60, 36, 0],
		[227, "U9_1", 905, -140, "T", "DIP", "VCC", "", "C", 60, 60, 36, 0],
		[228, "U9_1", 905, -140, "B", "DIP", "VCC", "", "C", 60, 60, 36, 0],
		[229, "U9_2", 985, -140, "T", "DIP", "$1N41338", "", "C", 60, 60, 36, 0],
		[230, "U9_2", 985, -140, "B", "DIP", "$1N41338", "", "C", 60, 60, 36, 0],
		[231, "U9_3", 1065, -140, "T", "DIP", "$1N41428", "", "C", 60, 60, 36, 0],
		[232, "U9_3", 1065, -140, "B", "DIP", "$1N41428", "", "C", 60, 60, 36, 0],
		[233, "U9_4", 1140, -140, "T", "DIP", "$1N41427", "", "C", 60, 60, 36, 0],
		[234, "U9_4", 1140, -140, "B", "DIP", "$1N41427", "", "C", 60, 60, 36, 0],
		[235, "U9_5", 1220, -140, "T", "DIP", "VCC", "", "C", 60, 60, 36, 0],
		[236, "U9_5", 1220, -140, "B", "DIP", "VCC", "", "C", 60, 60, 36, 0],
		[237, "U9_6", 1220, -1490, "T", "DIP", "$1N40652", "", "C", 60, 60, 36, 0],
		[238, "U9_6", 1220, -1490, "B", "DIP", "$1N40652", "", "C", 60, 60, 36, 0],
		[239, "U9_7", 1140, -1490, "T", "DIP", "$1N40619", "", "C", 60, 60, 36, 0],
		[240, "U9_7", 1140, -1490, "B", "DIP", "$1N40619", "", "C", 60, 60, 36, 0],
		[241, "U9_8", 1065, -1490, "T", "DIP", "$1N41044", "", "C", 60, 60, 36, 0],
		[242, "U9_8", 1065, -1490, "B", "DIP", "$1N41044", "", "C", 60, 60, 36, 0],
		[243, "U9_9", 985, -1490, "T", "DIP", "$1N40781", "", "C", 60, 60, 36, 0],
		[244, "U9_9", 985, -1490, "B", "DIP", "$1N40781", "", "C", 60, 60, 36, 0],
		[245, "U9_10", 905, -1490, "T", "DIP", "$1N41012", "", "C", 60, 60, 36, 0],
		[246, "U9_10", 905, -1490, "B", "DIP", "$1N41012", "", "C", 60, 60, 36, 0]
	]
}
}